record_start,record_end
00:44:06.792000,00:46:21.531000
